,accuracy,std
kNN,0.9468745244626182,0.007543028390050391
Decision Tree,0.9255460632333031,0.008795304870185018
Gaussian NB,0.9240652154403817,0.00806799326011386
