,default,normalized,pca
var_smoothing,0.00000000000000001000,0.00000000000000001000,0.00000000000000001000
Best Score,0.8883,0.8883,0.8762
Best Score Std,0.0077,0.0077,0.0063
Mean Score,0.8883,0.8883,0.8762
Mean Score Std,0.0000,0.0000,0.0000
